metric	percent	prec	rec	f1	AveP	MAP
glove_src_para_sim	10	0.29333333333333333	0.08494208494208494	0.1317365269461078	0.2619664231174495	0.0035400867988844525
glove_src_para_sim	20	0.5570469798657718	0.3204633204633205	0.40686274509803927	0.4693522198487314	0.0031712987827616987
glove_src_para_sim	30	0.452914798206278	0.38996138996138996	0.4190871369294606	0.4809033658383937	0.002166231377650422
glove_src_para_sim	40	0.39730639730639733	0.4555984555984556	0.4244604316546763	0.47187485434965093	0.0015941718052353072
glove_src_para_sim	50	0.3881401617250674	0.555984555984556	0.4571428571428572	0.4587809908810708	0.0012399486240028941
glove_src_para_sim	60	0.3775280898876405	0.6486486486486487	0.4772727272727273	0.4467475397870608	0.0010061881526735603
glove_src_para_sim	70	0.3853564547206166	0.7722007722007722	0.5141388174807198	0.4357578896914617	0.0008412314472808141
glove_src_para_sim	80	0.36593591905564926	0.8378378378378378	0.5093896713615024	0.4313466500310631	0.0007286260980254444
glove_src_para_sim	90	0.3523238380809595	0.9073359073359073	0.5075593952483801	0.42609545311172764	0.0006397829626302217
glove_src_para_sim	100	0.34858681022880217	1.0	0.5169660678642715	0.42609545311172764	0.0006397829626302217
glove_src_para_dist	10	0.3333333333333333	0.09652509652509653	0.14970059880239522	0.3342803410791216	0.004517301906474616
glove_src_para_dist	20	0.2348993288590604	0.13513513513513514	0.1715686274509804	0.3159903132596208	0.002135069684186627
glove_src_para_dist	30	0.2600896860986547	0.22393822393822393	0.24066390041493774	0.29036098528346366	0.0013079323661417282
glove_src_para_dist	40	0.3063973063973064	0.35135135135135137	0.3273381294964029	0.28993153490171863	0.0009794984287220224
glove_src_para_dist	50	0.31536388140161725	0.4517374517374517	0.37142857142857144	0.2950673683555593	0.0007974793739339441
glove_src_para_dist	60	0.30786516853932583	0.528957528957529	0.3892045454545454	0.2981711283130893	0.0006715565952997506
glove_src_para_dist	70	0.302504816955684	0.6061776061776062	0.403598971722365	0.3002727104057341	0.0005796770471153169
glove_src_para_dist	80	0.30185497470489037	0.6911196911196911	0.42018779342723	0.30118051806733315	0.0005087508751137384
glove_src_para_dist	90	0.3493253373313343	0.8996138996138996	0.5032397408207343	0.3101113162044572	0.0004656326069135994
glove_src_para_dist	100	0.34858681022880217	1.0	0.5169660678642715	0.3101113162044572	0.0004656326069135994
glove_src_para_joint	10	0.29333333333333333	0.08494208494208494	0.1317365269461078	0.3112030203733866	0.004205446221261981
glove_src_para_joint	20	0.2684563758389262	0.15444015444015444	0.19607843137254902	0.29333420006118105	0.0019819878382512234
glove_src_para_joint	30	0.26905829596412556	0.23166023166023167	0.24896265560165978	0.2822041974261227	0.0012711900784960482
glove_src_para_joint	40	0.3164983164983165	0.36293436293436293	0.33812949640287765	0.2889776285882325	0.0009762757722575423
glove_src_para_joint	50	0.30727762803234504	0.44015444015444016	0.36190476190476195	0.29405586679162676	0.0007947455859233155
glove_src_para_joint	60	0.30786516853932583	0.528957528957529	0.3892045454545454	0.29693164847071024	0.0006687649740331311
glove_src_para_joint	70	0.29672447013487474	0.5945945945945946	0.39588688946015427	0.29764275003397206	0.0005745999035404866
glove_src_para_joint	80	0.2917369308600337	0.667953667953668	0.40610328638497656	0.2970069517323941	0.0005017009319803954
glove_src_para_joint	90	0.3538230884557721	0.9111969111969112	0.509719222462203	0.3080574611948729	0.00046254874053284215
glove_src_para_joint	100	0.34858681022880217	1.0	0.5169660678642715	0.3080574611948729	0.00046254874053284215
glove_src_orig_sim	10	0.5866666666666667	0.16988416988416988	0.2634730538922156	0.6475083386895202	0.008750112684993516
glove_src_orig_sim	20	0.5503355704697986	0.3166023166023166	0.4019607843137255	0.6864248542491308	0.004638005771953587
glove_src_orig_sim	30	0.4260089686098655	0.3667953667953668	0.39419087136929454	0.6563509674855469	0.0029565358895745357
glove_src_orig_sim	40	0.40404040404040403	0.46332046332046334	0.4316546762589928	0.6043424457493947	0.002041697451856063
glove_src_orig_sim	50	0.37735849056603776	0.5405405405405406	0.4444444444444445	0.5748227500770882	0.0015535750002083463
glove_src_orig_sim	60	0.3685393258426966	0.6332046332046332	0.4659090909090909	0.5447198832086336	0.0012268465838032288
glove_src_orig_sim	70	0.36416184971098264	0.7297297297297297	0.4858611825192802	0.5218152810952907	0.0010073654075198662
glove_src_orig_sim	80	0.37099494097807756	0.8494208494208494	0.5164319248826291	0.5009967962671666	0.0008462783720729166
glove_src_orig_sim	90	0.34632683658170915	0.8918918918918919	0.49892008639308855	0.4941619755008882	0.0007419849481995318
glove_src_orig_sim	100	0.34858681022880217	1.0	0.5169660678642715	0.4941619755008882	0.0007419849481995318
glove_src_orig_dist	10	0.30666666666666664	0.0888030888030888	0.1377245508982036	0.35061641446347536	0.004738059654911829
glove_src_orig_dist	20	0.28187919463087246	0.16216216216216217	0.20588235294117646	0.32899589815175545	0.0022229452577821316
glove_src_orig_dist	30	0.29596412556053814	0.2548262548262548	0.27385892116182575	0.3143571388485652	0.00141602314796651
glove_src_orig_dist	40	0.3265993265993266	0.3745173745173745	0.3489208633093525	0.31435627928030985	0.0010620144570280738
glove_src_orig_dist	50	0.31536388140161725	0.4517374517374517	0.37142857142857144	0.31453166380862224	0.0008500855778611412
glove_src_orig_dist	60	0.30786516853932583	0.528957528957529	0.3892045454545454	0.31416432098935504	0.0007075772995255744
glove_src_orig_dist	70	0.31021194605009633	0.6216216216216216	0.4138817480719794	0.3148355442709153	0.0006077906260056281
glove_src_orig_dist	80	0.2951096121416526	0.6756756756756757	0.4107981220657277	0.31402249694964535	0.000530443407009536
glove_src_orig_dist	90	0.32083958020989506	0.8262548262548263	0.4622030237580994	0.3144092460372302	0.00047208595501085617
glove_src_orig_dist	100	0.34858681022880217	1.0	0.5169660678642715	0.3144092460372302	0.00047208595501085617
glove_src_orig_joint	10	0.32	0.09266409266409266	0.1437125748502994	0.37849337733209715	0.005114775369352664
glove_src_orig_joint	20	0.2684563758389262	0.15444015444015444	0.19607843137254902	0.3445711842152854	0.0023281836771303064
glove_src_orig_joint	30	0.30493273542600896	0.2625482625482625	0.2821576763485477	0.32391725381624953	0.001459086728902025
glove_src_orig_joint	40	0.3265993265993266	0.3745173745173745	0.3489208633093525	0.320677866386031	0.0010833711702230777
glove_src_orig_joint	50	0.32075471698113206	0.4594594594594595	0.37777777777777777	0.3210611781307572	0.0008677329138669114
glove_src_orig_joint	60	0.31235955056179776	0.5366795366795367	0.39488636363636365	0.3197366204374417	0.0007201275235077517
glove_src_orig_joint	70	0.3159922928709056	0.6332046332046332	0.42159383033419023	0.3195445998579488	0.000616881466907237
glove_src_orig_joint	80	0.2984822934232715	0.6833976833976834	0.4154929577464789	0.3186477289231133	0.0005382562988566103
glove_src_orig_joint	90	0.32083958020989506	0.8262548262548263	0.4622030237580994	0.3185262980208503	0.0004782677147460215
glove_src_orig_joint	100	0.34858681022880217	1.0	0.5169660678642715	0.3185262980208503	0.0004782677147460215
glove_orig_para_sim	10	0.41333333333333333	0.11969111969111969	0.18562874251497005	0.5130237506871336	0.006932753387663968
glove_orig_para_sim	20	0.3422818791946309	0.1969111969111969	0.25	0.4620908449284278	0.0031222354387055932
glove_orig_para_sim	30	0.336322869955157	0.28957528957528955	0.3112033195020747	0.4192364882288243	0.0018884526496793887
glove_orig_para_sim	40	0.3333333333333333	0.38223938223938225	0.356115107913669	0.40248315536351675	0.0013597403897416106
glove_orig_para_sim	50	0.30727762803234504	0.44015444015444016	0.36190476190476195	0.39219642826740186	0.0010599903466686537
glove_orig_para_sim	60	0.3056179775280899	0.525096525096525	0.38636363636363635	0.3786929168996944	0.0008529119749993118
glove_orig_para_sim	70	0.3333333333333333	0.667953667953668	0.44473007712082263	0.3664287236187692	0.0007073913583373923
glove_orig_para_sim	80	0.37268128161888703	0.8532818532818532	0.5187793427230046	0.3680264697553647	0.0006216663340462242
glove_orig_para_sim	90	0.3583208395802099	0.9227799227799228	0.5161987041036716	0.36752780347733227	0.0005518435487647631
glove_orig_para_sim	100	0.34858681022880217	1.0	0.5169660678642715	0.36752780347733227	0.0005518435487647631
glove_orig_para_dist	10	0.14666666666666667	0.04247104247104247	0.0658682634730539	0.30615178282642397	0.004137186254411135
glove_orig_para_dist	20	0.2751677852348993	0.1583011583011583	0.20098039215686275	0.27668140408483793	0.0018694689465191753
glove_orig_para_dist	30	0.43946188340807174	0.3783783783783784	0.40663900414937754	0.36972358277203715	0.0016654215440181854
glove_orig_para_dist	40	0.3939393939393939	0.4517374517374517	0.420863309352518	0.3762688296392241	0.0012711784785108921
glove_orig_para_dist	50	0.38274932614555257	0.5482625482625483	0.4507936507936508	0.3803167876607593	0.001027883209893944
glove_orig_para_dist	60	0.3595505617977528	0.6177606177606177	0.45454545454545453	0.37974470947634537	0.000855280877198976
glove_orig_para_dist	70	0.3448940269749518	0.6911196911196911	0.46015424164524416	0.3762709494492698	0.0007263917943036097
glove_orig_para_dist	80	0.3406408094435076	0.7799227799227799	0.47417840375586856	0.37277060405867585	0.000629680074423439
glove_orig_para_dist	90	0.34182908545727136	0.8803088803088803	0.4924406047516199	0.36943120162928855	0.0005547015039478807
glove_orig_para_dist	100	0.34858681022880217	1.0	0.5169660678642715	0.36943120162928855	0.0005547015039478807
glove_orig_para_joint	10	0.21333333333333335	0.06177606177606178	0.09580838323353294	0.2721623318695272	0.0036778693495882054
glove_orig_para_joint	20	0.2483221476510067	0.14285714285714285	0.18137254901960784	0.2886669169157283	0.0019504521413224887
glove_orig_para_joint	30	0.4125560538116592	0.3552123552123552	0.38174273858921165	0.35286985786359915	0.0015895038642504465
glove_orig_para_joint	40	0.4107744107744108	0.47104247104247104	0.43884892086330934	0.37156662144970876	0.0012552926400327998
glove_orig_para_joint	50	0.3908355795148248	0.5598455598455598	0.46031746031746024	0.37429167006650255	0.0010115991082878448
glove_orig_para_joint	60	0.36179775280898874	0.6216216216216216	0.45738636363636365	0.3741064021465862	0.0008425819868166356
glove_orig_para_joint	70	0.35452793834296725	0.7104247104247104	0.4730077120822623	0.3707039936571014	0.0007156447753998097
glove_orig_para_joint	80	0.35075885328836426	0.803088803088803	0.48826291079812206	0.3688437950410131	0.0006230469510827924
glove_orig_para_joint	90	0.3403298350824588	0.8764478764478765	0.490280777537797	0.36672334360683817	0.0005506356510613185
glove_orig_para_joint	100	0.34858681022880217	1.0	0.5169660678642715	0.36672334360683817	0.0005506356510613185
glove_align_para_sim	10	0.4666666666666667	0.13513513513513514	0.2095808383233533	0.7278658963585434	0.009836025626466802
glove_align_para_sim	20	0.5033557046979866	0.28957528957528955	0.3676470588235294	0.6898161116667603	0.004660919673424056
glove_align_para_sim	30	0.4349775784753363	0.3745173745173745	0.40248962655601656	0.6400255972626187	0.0028829981858676515
glove_align_para_sim	40	0.4175084175084175	0.47876447876447875	0.44604316546762585	0.5970222898286996	0.0020169671953672286
glove_align_para_sim	50	0.39892183288409705	0.5714285714285714	0.46984126984126984	0.5666217541616603	0.0015314101463828657
glove_align_para_sim	60	0.3775280898876405	0.6486486486486487	0.4772727272727273	0.5446535836102492	0.001226697260383444
glove_align_para_sim	70	0.3930635838150289	0.7876447876447876	0.5244215938303342	0.5175104959522804	0.0009990550114908887
glove_align_para_sim	80	0.38785834738617203	0.888030888030888	0.539906103286385	0.5042682379347925	0.0008518044559709333
glove_align_para_sim	90	0.36281859070464767	0.9343629343629344	0.5226781857451404	0.49780959039099776	0.0007474618474339306
glove_align_para_sim	100	0.34858681022880217	1.0	0.5169660678642715	0.49780959039099776	0.0007474618474339306
glove_align_para_dist	10	0.14666666666666667	0.04247104247104247	0.0658682634730539	0.17968685581118837	0.0024282007542052483
glove_align_para_dist	20	0.1476510067114094	0.08494208494208494	0.10784313725490195	0.16561253688768365	0.001119003627619484
glove_align_para_dist	30	0.28699551569506726	0.2471042471042471	0.26556016597510373	0.21064906902116753	0.0009488696802755295
glove_align_para_dist	40	0.30976430976430974	0.3552123552123552	0.33093525179856115	0.2391958746899517	0.0008080941712498369
glove_align_para_dist	50	0.29110512129380056	0.416988416988417	0.34285714285714286	0.2486493603178309	0.0006720252981562997
glove_align_para_dist	60	0.29213483146067415	0.5019305019305019	0.3693181818181818	0.2562667735413397	0.0005771774178859003
glove_align_para_dist	70	0.2928709055876686	0.5868725868725869	0.3907455012853471	0.2615224979277234	0.0005048696871191572
glove_align_para_dist	80	0.2984822934232715	0.6833976833976834	0.4154929577464789	0.26660228118738083	0.0004503416911949
glove_align_para_dist	90	0.3403298350824588	0.8764478764478765	0.490280777537797	0.28145416769463677	0.0004226038553973525
glove_align_para_dist	100	0.34858681022880217	1.0	0.5169660678642715	0.28145416769463677	0.0004226038553973525
glove_align_para_joint	10	0.21333333333333335	0.06177606177606178	0.09580838323353294	0.20397704010354717	0.0027564464878857727
glove_align_para_joint	20	0.16778523489932887	0.09652509652509653	0.12254901960784315	0.19671918996578341	0.001329183715985023
glove_align_para_joint	30	0.25112107623318386	0.21621621621621623	0.23236514522821577	0.21239666289012876	0.0009567417247303097
glove_align_para_joint	40	0.3063973063973064	0.35135135135135137	0.3273381294964029	0.24210677977552897	0.0008179283100524628
glove_align_para_joint	50	0.30727762803234504	0.44015444015444016	0.36190476190476195	0.2551166359786374	0.0006895044215638848
glove_align_para_joint	60	0.2876404494382023	0.4942084942084942	0.3636363636363637	0.2606335173477504	0.0005870124264588973
glove_align_para_joint	70	0.30828516377649323	0.6177606177606177	0.4113110539845758	0.26794755080563304	0.0005172732641035387
glove_align_para_joint	80	0.3069139966273187	0.7027027027027027	0.42723004694835676	0.27268488140067937	0.0004606163537173638
glove_align_para_joint	90	0.3343328335832084	0.861003861003861	0.48164146868250546	0.28323141813169816	0.0004252723995971444
glove_align_para_joint	100	0.34858681022880217	1.0	0.5169660678642715	0.28323141813169816	0.0004252723995971444
w2v_src_para_sim	10	0.30666666666666664	0.0888030888030888	0.1377245508982036	0.2767238119464092	0.0037395109722487734
w2v_src_para_sim	20	0.5234899328859061	0.30115830115830117	0.3823529411764707	0.41252882238653227	0.00278735690801711
w2v_src_para_sim	30	0.43946188340807174	0.3783783783783784	0.40663900414937754	0.44439940007586526	0.0020017990994408343
w2v_src_para_sim	40	0.3872053872053872	0.444015444015444	0.4136690647482014	0.43732094845814423	0.0014774356366829197
w2v_src_para_sim	50	0.3611859838274933	0.5173745173745173	0.4253968253968254	0.4288899674019022	0.0011591620740591952
w2v_src_para_sim	60	0.36404494382022473	0.6254826254826255	0.4602272727272727	0.41733403998600793	0.0009399415315000178
w2v_src_para_sim	70	0.37957610789980734	0.7606177606177607	0.5064267352185089	0.40953924098069294	0.000790616295329523
w2v_src_para_sim	80	0.3625632377740304	0.8301158301158301	0.5046948356807512	0.4058724503745216	0.0006855953553623676
w2v_src_para_sim	90	0.35082458770614694	0.9034749034749034	0.5053995680345572	0.4018996308860894	0.0006034528992283624
w2v_src_para_sim	100	0.34858681022880217	1.0	0.5169660678642715	0.4018996308860894	0.0006034528992283624
w2v_src_para_dist	10	0.37333333333333335	0.10810810810810811	0.16766467065868265	0.38090817361399054	0.005147407751540413
w2v_src_para_dist	20	0.28187919463087246	0.16216216216216217	0.20588235294117646	0.37256875711201715	0.0025173564669730888
w2v_src_para_dist	30	0.3183856502242152	0.27413127413127414	0.2946058091286307	0.3403044693062257	0.0015329030148929087
w2v_src_para_dist	40	0.32996632996632996	0.3783783783783784	0.3525179856115108	0.3365371823250966	0.0011369499402874884
w2v_src_para_dist	50	0.3045822102425876	0.4362934362934363	0.35873015873015873	0.3341142968858603	0.0009030116132050279
w2v_src_para_dist	60	0.29213483146067415	0.5019305019305019	0.3693181818181818	0.32895462365062034	0.0007408887920059017
w2v_src_para_dist	70	0.27360308285163776	0.5482625482625483	0.365038560411311	0.3252063475944885	0.0006278114818426419
w2v_src_para_dist	80	0.3254637436762226	0.7451737451737451	0.4530516431924883	0.321636706123757	0.0005433052468306706
w2v_src_para_dist	90	0.3583208395802099	0.9227799227799228	0.5161987041036716	0.32732735643841926	0.0004914825171748036
w2v_src_para_dist	100	0.34858681022880217	1.0	0.5169660678642715	0.32732735643841926	0.0004914825171748036
w2v_src_para_joint	10	0.38666666666666666	0.11196911196911197	0.17365269461077845	0.3949109080070032	0.005336633891986529
w2v_src_para_joint	20	0.28187919463087246	0.16216216216216217	0.20588235294117646	0.3711390505378333	0.0025076962874177925
w2v_src_para_joint	30	0.3094170403587444	0.26640926640926643	0.28630705394190875	0.3442853835894166	0.0015508350612135884
w2v_src_para_joint	40	0.31986531986531985	0.3667953667953668	0.34172661870503596	0.3351506460182464	0.0011322656960075892
w2v_src_para_joint	50	0.33423180592991913	0.47876447876447875	0.39365079365079364	0.3340288990972766	0.0009027808083710179
w2v_src_para_joint	60	0.31910112359550563	0.5482625482625483	0.4034090909090909	0.3329759922764929	0.0007499459285506597
w2v_src_para_joint	70	0.2928709055876686	0.5868725868725869	0.3907455012853471	0.33165556461536705	0.0006402617077516738
w2v_src_para_joint	80	0.30354131534569984	0.694980694980695	0.4225352112676056	0.3261187581320189	0.0005508762806284103
w2v_src_para_joint	90	0.3538230884557721	0.9111969111969112	0.509719222462203	0.33132605698653605	0.000497486572051856
w2v_src_para_joint	100	0.34858681022880217	1.0	0.5169660678642715	0.33132605698653605	0.000497486572051856
w2v_src_orig_sim	10	0.5866666666666667	0.16988416988416988	0.2634730538922156	0.5099836695539922	0.006891671210189084
w2v_src_orig_sim	20	0.5503355704697986	0.3166023166023166	0.4019607843137255	0.6120628259957342	0.004135559635106313
w2v_src_orig_sim	30	0.4260089686098655	0.3667953667953668	0.39419087136929454	0.5928625142790888	0.0026705518661220215
w2v_src_orig_sim	40	0.39730639730639733	0.4555984555984556	0.4244604316546763	0.555979357854185	0.0018783086413992735
w2v_src_orig_sim	50	0.3611859838274933	0.5173745173745173	0.4253968253968254	0.5344710139111346	0.0014445162538138773
w2v_src_orig_sim	60	0.3595505617977528	0.6177606177606177	0.45454545454545453	0.505454045929289	0.0011384100133542544
w2v_src_orig_sim	70	0.36608863198458574	0.7335907335907336	0.48843187660668375	0.4823827815404508	0.0009312408910047312
w2v_src_orig_sim	80	0.3625632377740304	0.8301158301158301	0.5046948356807512	0.4682985060420225	0.0007910447737196326
w2v_src_orig_sim	90	0.34782608695652173	0.8957528957528957	0.5010799136069114	0.46007699562716253	0.0006908062997404842
w2v_src_orig_sim	100	0.34858681022880217	1.0	0.5169660678642715	0.46007699562716253	0.0006908062997404842
w2v_src_orig_dist	10	0.21333333333333335	0.06177606177606178	0.09580838323353294	0.27314778181499266	0.003691186240743144
w2v_src_orig_dist	20	0.3624161073825503	0.2084942084942085	0.2647058823529412	0.30981279787590577	0.0020933297153777415
w2v_src_orig_dist	30	0.3542600896860987	0.305019305019305	0.32780082987551873	0.32086565977023673	0.001445340809775841
w2v_src_orig_dist	40	0.3367003367003367	0.3861003861003861	0.3597122302158273	0.3258796835236142	0.0011009448767689669
w2v_src_orig_dist	50	0.33423180592991913	0.47876447876447875	0.39365079365079364	0.32824837440112364	0.0008871577686516856
w2v_src_orig_dist	60	0.31685393258426964	0.5444015444015444	0.4005681818181818	0.3282618887223321	0.0007393285782034506
w2v_src_orig_dist	70	0.31021194605009633	0.6216216216216216	0.4138817480719794	0.3262657066737986	0.0006298565765903448
w2v_src_orig_dist	80	0.2934232715008432	0.6718146718146718	0.4084507042253521	0.32492893529877864	0.0005488664447614504
w2v_src_orig_dist	90	0.3193403298350825	0.8223938223938224	0.4600431965442765	0.3229341527327599	0.0004848861152143542
w2v_src_orig_dist	100	0.34858681022880217	1.0	0.5169660678642715	0.3229341527327599	0.0004848861152143542
w2v_src_orig_joint	10	0.37333333333333335	0.10810810810810811	0.16766467065868265	0.3257316896152808	0.0044017795893956865
w2v_src_orig_joint	20	0.2751677852348993	0.1583011583011583	0.20098039215686275	0.3263598731239101	0.0022051342778642577
w2v_src_orig_joint	30	0.3273542600896861	0.28185328185328185	0.30290456431535273	0.32131525777679537	0.0014473660260216007
w2v_src_orig_joint	40	0.3400673400673401	0.38996138996138996	0.36330935251798563	0.32565463141293094	0.001100184565584226
w2v_src_orig_joint	50	0.33962264150943394	0.4864864864864865	0.39999999999999997	0.3287396826096179	0.0008884856286746429
w2v_src_orig_joint	60	0.31685393258426964	0.5444015444015444	0.4005681818181818	0.3287228538629636	0.0007403667879796478
w2v_src_orig_joint	70	0.3140655105973025	0.6293436293436293	0.41902313624678655	0.32730063649002494	0.0006318545105985037
w2v_src_orig_joint	80	0.2951096121416526	0.6756756756756757	0.4107981220657277	0.32594739326545247	0.0005505868129483994
w2v_src_orig_joint	90	0.3193403298350825	0.8223938223938224	0.4600431965442765	0.32392472123239247	0.0004863734553038926
w2v_src_orig_joint	100	0.34858681022880217	1.0	0.5169660678642715	0.32392472123239247	0.0004863734553038926
w2v_orig_para_sim	10	0.3466666666666667	0.10038610038610038	0.155688622754491	0.2689248733140143	0.0036341199096488423
w2v_orig_para_sim	20	0.31543624161073824	0.18146718146718147	0.23039215686274508	0.3066684221279483	0.002072083933296948
w2v_orig_para_sim	30	0.3542600896860987	0.305019305019305	0.32780082987551873	0.3222358124839711	0.0014515126688467166
w2v_orig_para_sim	40	0.36363636363636365	0.416988416988417	0.38848920863309355	0.3327745067881605	0.0011242381986086504
w2v_orig_para_sim	50	0.3288409703504043	0.47104247104247104	0.3873015873015873	0.33377857086563134	0.0009021042455827874
w2v_orig_para_sim	60	0.3415730337078652	0.5868725868725869	0.4318181818181818	0.334809927571862	0.0007540764134501397
w2v_orig_para_sim	70	0.3217726396917148	0.6447876447876448	0.429305912596401	0.33370383388125013	0.0006442158955236489
w2v_orig_para_sim	80	0.31197301854974707	0.7142857142857143	0.4342723004694836	0.3321046864761868	0.0005609876460746398
w2v_orig_para_sim	90	0.3193403298350825	0.8223938223938224	0.4600431965442765	0.3298060729477096	0.0004952043137352996
w2v_orig_para_sim	100	0.34858681022880217	1.0	0.5169660678642715	0.3298060729477096	0.0004952043137352996
w2v_orig_para_dist	10	0.4	0.11583011583011583	0.17964071856287425	0.38740102402007165	0.005235148973244211
w2v_orig_para_dist	20	0.5167785234899329	0.2972972972972973	0.37745098039215685	0.5244115902254118	0.003543321555577107
w2v_orig_para_dist	30	0.3811659192825112	0.3281853281853282	0.35269709543568467	0.5146888074842336	0.002318418051730782
w2v_orig_para_dist	40	0.37373737373737376	0.42857142857142855	0.3992805755395683	0.48112665022927215	0.0016254278723961896
w2v_orig_para_dist	50	0.3584905660377358	0.5135135135135135	0.42222222222222217	0.46321256874737504	0.001251925861479392
w2v_orig_para_dist	60	0.36404494382022473	0.6254826254826255	0.4602272727272727	0.446140611119145	0.0010048211962142906
w2v_orig_para_dist	70	0.35067437379576105	0.7027027027027027	0.46786632390745503	0.43637907872213855	0.0008424306539037424
w2v_orig_para_dist	80	0.3456998313659359	0.7915057915057915	0.48122065727699537	0.4268687266877761	0.0007210620383239461
w2v_orig_para_dist	90	0.3538230884557721	0.9111969111969112	0.509719222462203	0.416897053748834	0.0006259715521754265
w2v_orig_para_dist	100	0.34858681022880217	1.0	0.5169660678642715	0.416897053748834	0.0006259715521754265
w2v_orig_para_joint	10	0.5466666666666666	0.1583011583011583	0.2455089820359281	0.4744959879377448	0.006412107945104659
w2v_orig_para_joint	20	0.4899328859060403	0.28185328185328185	0.35784313725490197	0.5774021464153143	0.003901365854157529
w2v_orig_para_joint	30	0.3991031390134529	0.3436293436293436	0.36929460580912854	0.556570537492175	0.0025070744932079955
w2v_orig_para_joint	40	0.3569023569023569	0.4092664092664093	0.38129496402877694	0.5239972138159797	0.001770260857486418
w2v_orig_para_joint	50	0.3692722371967655	0.528957528957529	0.43492063492063493	0.49039862610577206	0.0013254016921777623
w2v_orig_para_joint	60	0.3550561797752809	0.61003861003861	0.4488636363636364	0.47374466061596554	0.0010669924788647873
w2v_orig_para_joint	70	0.3468208092485549	0.694980694980695	0.46272493573264784	0.4577186296330735	0.0008836266981333466
w2v_orig_para_joint	80	0.35581787521079256	0.8146718146718147	0.4953051643192488	0.44219805241770493	0.0007469561696245016
w2v_orig_para_joint	90	0.35082458770614694	0.9034749034749034	0.5053995680345572	0.4330898507476133	0.0006502850611826025
w2v_orig_para_joint	100	0.34858681022880217	1.0	0.5169660678642715	0.4330898507476133	0.0006502850611826025
w2v_align_para_sim	10	0.5866666666666667	0.16988416988416988	0.2634730538922156	0.7281330251669234	0.009839635475228694
w2v_align_para_sim	20	0.5033557046979866	0.28957528957528955	0.3676470588235294	0.7248890948108568	0.004897899289262546
w2v_align_para_sim	30	0.45739910313901344	0.3938223938223938	0.42323651452282157	0.6604999254006652	0.0029752248891921854
w2v_align_para_sim	40	0.4276094276094276	0.49034749034749037	0.4568345323741007	0.6180918885559425	0.0020881482721484546
w2v_align_para_sim	50	0.3908355795148248	0.5598455598455598	0.46031746031746024	0.5919155296634405	0.0015997717017930825
w2v_align_para_sim	60	0.3887640449438202	0.667953667953668	0.49147727272727276	0.5588782507099088	0.001258734798896191
w2v_align_para_sim	70	0.40847784200385356	0.8185328185328186	0.5449871465295629	0.5293340677367133	0.0010218804396461647
w2v_align_para_sim	80	0.3946037099494098	0.9034749034749034	0.5492957746478874	0.5175902449902574	0.0008743078462673267
w2v_align_para_sim	90	0.3658170914542729	0.9420849420849421	0.5269978401727863	0.5117327809070626	0.0007683675388994934
w2v_align_para_sim	100	0.34858681022880217	1.0	0.5169660678642715	0.5117327809070626	0.0007683675388994934
w2v_align_para_dist	10	0.09333333333333334	0.02702702702702703	0.04191616766467066	0.1949214468396054	0.0026340736059406135
w2v_align_para_dist	20	0.1476510067114094	0.08494208494208494	0.10784313725490195	0.15605646183977198	0.0010544355529714324
w2v_align_para_dist	30	0.24663677130044842	0.21235521235521235	0.22821576763485477	0.18963208859001815	0.000854198597252334
w2v_align_para_dist	40	0.29292929292929293	0.3359073359073359	0.3129496402877698	0.2236536972804277	0.00075558681513658
w2v_align_para_dist	50	0.2884097035040431	0.41312741312741313	0.33968253968253964	0.23764375910243302	0.0006422804300065758
w2v_align_para_dist	60	0.29213483146067415	0.5019305019305019	0.3693181818181818	0.24729511857205558	0.0005569709877748999
w2v_align_para_dist	70	0.28709055876685935	0.5752895752895753	0.38303341902313626	0.25239847836408913	0.0004872557497376238
w2v_align_para_dist	80	0.30522765598650925	0.6988416988416989	0.42488262910798125	0.26015738179176906	0.0004394550368104207
w2v_align_para_dist	90	0.30884557721139433	0.7953667953667953	0.44492440604751626	0.2658466978875518	0.00039916921604737503
w2v_align_para_dist	100	0.34858681022880217	1.0	0.5169660678642715	0.2658466978875518	0.00039916921604737503
w2v_align_para_joint	10	0.12	0.03474903474903475	0.05389221556886228	0.20826252825145405	0.0028143584898845143
w2v_align_para_joint	20	0.15436241610738255	0.0888030888030888	0.1127450980392157	0.17337223043998629	0.0011714339894593668
w2v_align_para_joint	30	0.23318385650224216	0.20077220077220076	0.21576763485477177	0.1915513037292877	0.0008628437104922869
w2v_align_para_joint	40	0.2962962962962963	0.33976833976833976	0.31654676258992803	0.22495814703683262	0.0007599937399892994
w2v_align_para_joint	50	0.3045822102425876	0.4362934362934363	0.35873015873015873	0.24355421008565015	0.0006582546218531085
w2v_align_para_joint	60	0.2966292134831461	0.5096525096525096	0.375	0.25180768746399596	0.0005671344312252161
w2v_align_para_joint	70	0.2947976878612717	0.5907335907335908	0.3933161953727507	0.2576854233392795	0.0004974622072186863
w2v_align_para_joint	80	0.3086003372681282	0.7065637065637066	0.42957746478873243	0.2648898836081117	0.00044744912771640493
w2v_align_para_joint	90	0.32083958020989506	0.8262548262548263	0.4622030237580994	0.27257719882138853	0.0004092750733053882
w2v_align_para_joint	100	0.34858681022880217	1.0	0.5169660678642715	0.27257719882138853	0.0004092750733053882
elmo_src_para_sim	10	0.3333333333333333	0.09652509652509653	0.14970059880239522	0.29049052230096695	0.003925547598661715
elmo_src_para_sim	20	0.47651006711409394	0.27413127413127414	0.3480392156862745	0.3857704774964439	0.0026065572803813776
elmo_src_para_sim	30	0.4663677130044843	0.4015444015444015	0.43153526970954353	0.4135122506363842	0.0018626677956593883
elmo_src_para_sim	40	0.4107744107744108	0.47104247104247104	0.43884892086330934	0.4177095452547871	0.0014111808961310376
elmo_src_para_sim	50	0.38005390835579517	0.5444015444015444	0.4476190476190476	0.41377962368533516	0.0011183233072576625
elmo_src_para_sim	60	0.3775280898876405	0.6486486486486487	0.4772727272727273	0.4090246188823032	0.0009212266191042864
elmo_src_para_sim	70	0.3815028901734104	0.7644787644787645	0.5089974293059125	0.40486852333932877	0.0007815994659060401
elmo_src_para_sim	80	0.3676222596964587	0.8416988416988417	0.511737089201878	0.40194859404127947	0.0006789672196643235
elmo_src_para_sim	90	0.3568215892053973	0.918918918918919	0.5140388768898488	0.39880066078206977	0.0005987997909640688
elmo_src_para_sim	100	0.34858681022880217	1.0	0.5169660678642715	0.39880066078206977	0.0005987997909640688
elmo_src_para_dist	10	0.28	0.08108108108108109	0.125748502994012	0.3323469177097529	0.004491174563645309
elmo_src_para_dist	20	0.2348993288590604	0.13513513513513514	0.1715686274509804	0.30123333871041746	0.00203536039669201
elmo_src_para_dist	30	0.242152466367713	0.2084942084942085	0.22406639004149378	0.2811923987930601	0.0012666324269957664
elmo_src_para_dist	40	0.2996632996632997	0.3436293436293436	0.3201438848920863	0.280556107177657	0.0009478246864110033
elmo_src_para_dist	50	0.2991913746630728	0.42857142857142855	0.35238095238095235	0.2855588252029098	0.000771780608656513
elmo_src_para_dist	60	0.3325842696629214	0.5714285714285714	0.42045454545454547	0.2923666288246791	0.0006584833982537818
elmo_src_para_dist	70	0.34296724470134876	0.6872586872586872	0.4575835475578406	0.3010692144295124	0.0005812146996708734
elmo_src_para_dist	80	0.3625632377740304	0.8301158301158301	0.5046948356807512	0.3105187665410097	0.0005245249434814353
elmo_src_para_dist	90	0.33883058470764615	0.8725868725868726	0.4881209503239741	0.312580441060592	0.0004693400015924805
elmo_src_para_dist	100	0.34858681022880217	1.0	0.5169660678642715	0.312580441060592	0.0004693400015924805
elmo_src_para_joint	10	0.26666666666666666	0.07722007722007722	0.11976047904191615	0.4367613617009696	0.005902180563526616
elmo_src_para_joint	20	0.28859060402684567	0.16602316602316602	0.2107843137254902	0.35126337694744303	0.002373401195590831
elmo_src_para_joint	30	0.2914798206278027	0.25096525096525096	0.2697095435684647	0.32824618224487184	0.0014785864065084318
elmo_src_para_joint	40	0.30303030303030304	0.3474903474903475	0.3237410071942446	0.3193618910233681	0.0010789253075113787
elmo_src_para_joint	50	0.3018867924528302	0.43243243243243246	0.3555555555555556	0.3172156135741068	0.0008573394961462347
elmo_src_para_joint	60	0.30112359550561796	0.5173745173745173	0.3806818181818182	0.315148424258059	0.0007097937483289617
elmo_src_para_joint	70	0.29672447013487474	0.5945945945945946	0.39588688946015427	0.3129970385256705	0.000604241387115194
elmo_src_para_joint	80	0.31534569983136596	0.722007722007722	0.43896713615023475	0.31156033866763255	0.0005262843558574874
elmo_src_para_joint	90	0.3553223388305847	0.915057915057915	0.5118790496760258	0.3169590298072594	0.0004759144591700591
elmo_src_para_joint	100	0.34858681022880217	1.0	0.5169660678642715	0.3169590298072594	0.0004759144591700591
elmo_src_orig_sim	10	0.3466666666666667	0.10038610038610038	0.155688622754491	0.5304479856915056	0.007168216022858184
elmo_src_orig_sim	20	0.3221476510067114	0.18532818532818532	0.23529411764705882	0.4487738246176452	0.003032255571740846
elmo_src_orig_sim	30	0.28699551569506726	0.2471042471042471	0.26556016597510373	0.41050556431645707	0.0018491241635876445
elmo_src_orig_sim	40	0.26936026936026936	0.3088803088803089	0.28776978417266186	0.38440828119676357	0.0012986766256647417
elmo_src_orig_sim	50	0.2668463611859838	0.38223938223938225	0.3142857142857143	0.36132201782298223	0.0009765459941161682
elmo_src_orig_sim	60	0.2808988764044944	0.4826254826254826	0.3551136363636364	0.34383745070234717	0.0007744086727530341
elmo_src_orig_sim	70	0.30828516377649323	0.6177606177606177	0.4113110539845758	0.3327516645189842	0.0006423777307316297
elmo_src_orig_sim	80	0.31703204047217537	0.7258687258687259	0.4413145539906103	0.3297972052575943	0.0005570898737459364
elmo_src_orig_sim	90	0.335832083958021	0.8648648648648649	0.48380129589632836	0.32936562367829547	0.0004945429784959392
elmo_src_orig_sim	100	0.34858681022880217	1.0	0.5169660678642715	0.32936562367829547	0.0004945429784959392
elmo_src_orig_dist	10	0.49333333333333335	0.14285714285714285	0.22155688622754488	0.4672764307007191	0.006314546360820529
elmo_src_orig_dist	20	0.5369127516778524	0.3088803088803089	0.39215686274509803	0.49212970006294643	0.0033252006761009894
elmo_src_orig_dist	30	0.4798206278026906	0.41312741312741313	0.4439834024896266	0.4947538259736619	0.002228620837719198
elmo_src_orig_dist	40	0.4478114478114478	0.5135135135135135	0.4784172661870504	0.48818102113941353	0.0016492602065520728
elmo_src_orig_dist	50	0.40700808625336926	0.583011583011583	0.4793650793650793	0.480787829710956	0.0012994265667863676
elmo_src_orig_dist	60	0.3887640449438202	0.667953667953668	0.49147727272727276	0.46982443415449515	0.0010581631399876018
elmo_src_orig_dist	70	0.3603082851637765	0.722007722007722	0.48071979434447293	0.46250149653334294	0.0008928600319176505
elmo_src_orig_dist	80	0.33389544688026984	0.7644787644787645	0.46478873239436613	0.4563519145338455	0.0007708647204963606
elmo_src_orig_dist	90	0.3328335832083958	0.8571428571428571	0.4794816414686825	0.44281927649673003	0.0006648938085536487
elmo_src_orig_dist	100	0.34858681022880217	1.0	0.5169660678642715	0.44281927649673003	0.0006648938085536487
elmo_src_orig_joint	10	0.56	0.16216216216216217	0.251497005988024	0.5967998396174699	0.008064862697533376
elmo_src_orig_joint	20	0.5369127516778524	0.3088803088803089	0.39215686274509803	0.5795864204761116	0.00391612446267643
elmo_src_orig_joint	30	0.4663677130044843	0.4015444015444015	0.43153526970954353	0.5701471205199546	0.0025682302726124082
elmo_src_orig_joint	40	0.42424242424242425	0.4864864864864865	0.45323741007194246	0.547723589970526	0.0018504175336842093
elmo_src_orig_joint	50	0.41778975741239893	0.5984555984555985	0.4920634920634921	0.524547335871872	0.0014176955023564107
elmo_src_orig_joint	60	0.39101123595505616	0.6718146718146718	0.49431818181818177	0.5112110160013129	0.0011513761621651192
elmo_src_orig_joint	70	0.371868978805395	0.7451737451737451	0.4961439588688946	0.49863629820048044	0.0009626183362943638
elmo_src_orig_joint	80	0.3440134907251265	0.7876447876447876	0.4788732394366197	0.49105157641837516	0.0008294790142202283
elmo_src_orig_joint	90	0.3268365817091454	0.8416988416988417	0.47084233261339087	0.4809831872199757	0.0007221969778077713
elmo_src_orig_joint	100	0.34858681022880217	1.0	0.5169660678642715	0.4809831872199757	0.0007221969778077713
elmo_orig_para_sim	10	0.24	0.0694980694980695	0.10778443113772455	0.36411138992997255	0.004920424188242872
elmo_orig_para_sim	20	0.2550335570469799	0.14671814671814673	0.1862745098039216	0.29447063099627035	0.0019896664256504755
elmo_orig_para_sim	30	0.26905829596412556	0.23166023166023167	0.24896265560165978	0.2835334508931766	0.0012771777067260208
elmo_orig_para_sim	40	0.29292929292929293	0.3359073359073359	0.3129496402877698	0.2838173710435838	0.0009588424697418371
elmo_orig_para_sim	50	0.29110512129380056	0.416988416988417	0.34285714285714286	0.2854913711222411	0.0007715983003303813
elmo_orig_para_sim	60	0.27191011235955054	0.4671814671814672	0.34374999999999994	0.28465605581645537	0.0006411172428298544
elmo_orig_para_sim	70	0.279383429672447	0.5598455598455598	0.3727506426735218	0.2827276277207594	0.0005458062311211571
elmo_orig_para_sim	80	0.28499156829679595	0.6525096525096525	0.3967136150234742	0.2826087561376091	0.0004773796556378532
elmo_orig_para_sim	90	0.30884557721139433	0.7953667953667953	0.44492440604751626	0.28528695189643094	0.0004283587866312777
elmo_orig_para_sim	100	0.34858681022880217	1.0	0.5169660678642715	0.28528695189643094	0.0004283587866312777
elmo_orig_para_dist	10	0.6933333333333334	0.20077220077220076	0.311377245508982	0.7661706152968545	0.010353656963471007
elmo_orig_para_dist	20	0.5906040268456376	0.33976833976833976	0.4313725490196078	0.7221156221405067	0.004879159609057478
elmo_orig_para_dist	30	0.47533632286995514	0.4092664092664093	0.43983402489626555	0.6901055665115626	0.003108583632934967
elmo_orig_para_dist	40	0.42424242424242425	0.4864864864864865	0.45323741007194246	0.6496387328155496	0.002194725448701181
elmo_orig_para_dist	50	0.39892183288409705	0.5714285714285714	0.46984126984126984	0.6141585501873699	0.001659887973479378
elmo_orig_para_dist	60	0.3775280898876405	0.6486486486486487	0.4772727272727273	0.5870980308659831	0.0013222928623107728
elmo_orig_para_dist	70	0.371868978805395	0.7451737451737451	0.4961439588688946	0.5597945173700288	0.001080684396467237
elmo_orig_para_dist	80	0.3642495784148398	0.833976833976834	0.5070422535211268	0.5397609516064499	0.0009117583642000843
elmo_orig_para_dist	90	0.3598200899550225	0.9266409266409267	0.5183585313174947	0.5220134607086298	0.0007838039950580026
elmo_orig_para_dist	100	0.34858681022880217	1.0	0.5169660678642715	0.5220134607086298	0.0007838039950580026
elmo_orig_para_joint	10	0.7733333333333333	0.22393822393822393	0.3473053892215569	0.8030009912271573	0.010851364746312936
elmo_orig_para_joint	20	0.6174496644295302	0.3552123552123552	0.4509803921568628	0.7702973696171161	0.005204711956872407
elmo_orig_para_joint	30	0.49327354260089684	0.4247104247104247	0.45643153526970953	0.7318458814472072	0.0032966030695820146
elmo_orig_para_joint	40	0.4377104377104377	0.5019305019305019	0.4676258992805755	0.6882090263506833	0.002325030494427984
elmo_orig_para_joint	50	0.3935309973045822	0.5637065637065637	0.46349206349206346	0.6581757354617952	0.0017788533390859329
elmo_orig_para_joint	60	0.3797752808988764	0.6525096525096525	0.4801136363636364	0.6203174169217623	0.0013971112993733385
elmo_orig_para_joint	70	0.3622350674373796	0.7258687258687259	0.4832904884318766	0.5957801569880314	0.001150154743220138
elmo_orig_para_joint	80	0.35413153456998314	0.8108108108108109	0.4929577464788732	0.5707854268511232	0.000964164572383654
elmo_orig_para_joint	90	0.3583208395802099	0.9227799227799228	0.5161987041036716	0.545013318413902	0.0008183383159367898
elmo_orig_para_joint	100	0.34858681022880217	1.0	0.5169660678642715	0.545013318413902	0.0008183383159367898
elmo_align_para_sim	10	0.38666666666666666	0.11196911196911197	0.17365269461077845	0.3951735086726884	0.005340182549630925
elmo_align_para_sim	20	0.44966442953020136	0.25868725868725867	0.32843137254901955	0.40056804370068494	0.002706540835815439
elmo_align_para_sim	30	0.45739910313901344	0.3938223938223938	0.42323651452282157	0.4233962112437201	0.0019071901407374781
elmo_align_para_sim	40	0.43097643097643096	0.4942084942084942	0.460431654676259	0.42822219756732727	0.0014466966134031327
elmo_align_para_sim	50	0.4123989218328841	0.5907335907335908	0.4857142857142857	0.42622774365993304	0.0011519668747565757
elmo_align_para_sim	60	0.41797752808988764	0.7181467181467182	0.5284090909090908	0.4241843963877038	0.000955370262134468
elmo_align_para_sim	70	0.40655105973025046	0.8146718146718147	0.5424164524421594	0.4232050519748175	0.000816998169835555
elmo_align_para_sim	80	0.3844856661045531	0.8803088803088803	0.5352112676056339	0.42119182407101596	0.000711472675795635
elmo_align_para_sim	90	0.3613193403298351	0.9305019305019305	0.5205183585313176	0.4185266031344693	0.0006284183230247288
elmo_align_para_sim	100	0.34858681022880217	1.0	0.5169660678642715	0.4185266031344693	0.0006284183230247288
elmo_align_para_dist	10	0.17333333333333334	0.05019305019305019	0.0778443113772455	0.2680712769491226	0.0036225848236367915
elmo_align_para_dist	20	0.18791946308724833	0.10810810810810811	0.13725490196078433	0.21909433894028574	0.0014803671550019306
elmo_align_para_dist	30	0.242152466367713	0.2084942084942085	0.22406639004149378	0.2172023488763776	0.0009783889589026018
elmo_align_para_dist	40	0.2962962962962963	0.33976833976833976	0.31654676258992803	0.23922603210907148	0.0008081960544225388
elmo_align_para_dist	50	0.3045822102425876	0.4362934362934363	0.35873015873015873	0.2517862635867484	0.00068050341509932
elmo_align_para_dist	60	0.31235955056179776	0.5366795366795367	0.39488636363636365	0.2622558454309833	0.0005906663185382507
elmo_align_para_dist	70	0.35645472061657035	0.7142857142857143	0.4755784061696658	0.28018824635174966	0.0005409039504860032
elmo_align_para_dist	80	0.3608768971332209	0.8262548262548263	0.5023474178403756	0.2916977050941608	0.0004927326099563527
elmo_align_para_dist	90	0.3538230884557721	0.9111969111969112	0.509719222462203	0.29802372604508354	0.00044748307213976507
elmo_align_para_dist	100	0.34858681022880217	1.0	0.5169660678642715	0.29802372604508354	0.00044748307213976507
elmo_align_para_joint	10	0.2	0.05791505791505792	0.08982035928143713	0.2709588846454048	0.003661606549262227
elmo_align_para_joint	20	0.19463087248322147	0.11196911196911197	0.14215686274509803	0.23177367379220432	0.001566038336433813
elmo_align_para_joint	30	0.21524663677130046	0.18532818532818532	0.19917012448132776	0.21853741312490216	0.0009844027618238836
elmo_align_para_joint	40	0.26262626262626265	0.30115830115830117	0.28057553956834536	0.22611919868683622	0.0007639162117798521
elmo_align_para_joint	50	0.30727762803234504	0.44015444015444016	0.36190476190476195	0.2444228695146921	0.0006606023500397084
elmo_align_para_joint	60	0.30337078651685395	0.5212355212355212	0.3835227272727273	0.2539915553245819	0.0005720530525328421
elmo_align_para_joint	70	0.3044315992292871	0.61003861003861	0.4061696658097686	0.2613415660316815	0.0005045203977445589
elmo_align_para_joint	80	0.3456998313659359	0.7915057915057915	0.48122065727699537	0.2763904830213674	0.0004668758159144719
elmo_align_para_joint	90	0.3493253373313343	0.8996138996138996	0.5032397408207343	0.28524918744238315	0.0004283020832468215
elmo_align_para_joint	100	0.34858681022880217	1.0	0.5169660678642715	0.28524918744238315	0.0004283020832468215
ng_src_para	10	0.7466666666666667	0.21621621621621623	0.3353293413173653	0.7319535876683448	0.009891264698220876
ng_src_para	20	0.5234899328859061	0.30115830115830117	0.3823529411764707	0.7256853760268747	0.004903279567749153
ng_src_para	30	0.4349775784753363	0.3745173745173745	0.40248962655601656	0.6762893513633921	0.0030463484295648294
ng_src_para	40	0.4107744107744108	0.47104247104247104	0.43884892086330934	0.6275872596683736	0.0021202272286093703
ng_src_para	50	0.3935309973045822	0.5637065637065637	0.46349206349206346	0.5906826068362794	0.0015964394779358901
ng_src_para	60	0.37303370786516854	0.640926640926641	0.47159090909090906	0.5652438593653033	0.0012730717553272597
ng_src_para	70	0.33911368015414256	0.6795366795366795	0.4524421593830334	0.5532783479342573	0.0010681049187920026
ng_src_para	80	0.33389544688026984	0.7644787644787645	0.46478873239436613	0.5284558835526737	0.0008926619654605974
ng_src_para	90	0.34332833583208394	0.8841698841698842	0.49460043196544273	0.5030533795315879	0.0007553354047020839
ng_src_para	100	0.34858681022880217	1.0	0.5169660678642715	0.5030533795315879	0.0007553354047020839
ng_src_orig	10	0.26666666666666666	0.07722007722007722	0.11976047904191615	0.26666666666666666	0.0036036036036036037
ng_src_orig	20	0.2953020134228188	0.16988416988416988	0.2156862745098039	0.2953020134228188	0.0019952838744785053
ng_src_orig	30	0.3273542600896861	0.28185328185328185	0.30290456431535273	0.3273542600896861	0.0014745687391427302
ng_src_orig	40	0.3333333333333333	0.38223938223938225	0.356115107913669	0.3389397571715572	0.0011450667472012069
ng_src_orig	50	0.38274932614555257	0.5482625482625483	0.4507936507936508	0.3621783335123391	0.0009788603608441597
ng_src_orig	60	0.3258426966292135	0.5598455598455598	0.4119318181818182	0.3623430578337987	0.0008160879680941413
ng_src_orig	70	0.35260115606936415	0.7065637065637066	0.4704370179948586	0.3577192188660051	0.0006905776425984655
ng_src_orig	80	0.3642495784148398	0.833976833976834	0.5070422535211268	0.3581412134890115	0.0006049682660287357
ng_src_orig	90	0.36281859070464767	0.9343629343629344	0.5226781857451404	0.359149201188539	0.0005392630648476561
ng_src_orig	100	0.34858681022880217	1.0	0.5169660678642715	0.359149201188539	0.0005392630648476561
ng_orig_para	10	0.7733333333333333	0.22393822393822393	0.3473053892215569	0.7707761991365879	0.010415894582926863
ng_orig_para	20	0.5369127516778524	0.3088803088803089	0.39215686274509803	0.74423154103857	0.005028591493503851
ng_orig_para	30	0.4484304932735426	0.3861003861003861	0.41493775933609955	0.70327204129754	0.0031678920779168464
ng_orig_para	40	0.3771043771043771	0.43243243243243246	0.40287769784172656	0.6727417569376107	0.0022727762058703067
ng_orig_para	50	0.3692722371967655	0.528957528957529	0.43492063492063493	0.6179015842829645	0.00167000428184585
ng_orig_para	60	0.36179775280898874	0.6216216216216216	0.45738636363636365	0.5801818316692277	0.001306715837092855
ng_orig_para	70	0.33911368015414256	0.6795366795366795	0.4524421593830334	0.5600486652382328	0.0010811750294174379
ng_orig_para	80	0.3288364249578415	0.752895752895753	0.45774647887323944	0.5376110821860383	0.0009081268280169565
ng_orig_para	90	0.3493253373313343	0.8996138996138996	0.5032397408207343	0.5053787207274129	0.0007588269079991184
ng_orig_para	100	0.34858681022880217	1.0	0.5169660678642715	0.5053787207274129	0.0007588269079991184
ng_align_para	10	0.5733333333333334	0.16602316602316602	0.2574850299401198	0.5579179043522199	0.007539431139894863
ng_align_para	20	0.4899328859060403	0.28185328185328185	0.35784313725490197	0.5532447063678101	0.0037381399078906087
ng_align_para	30	0.5650224215246636	0.4864864864864865	0.5228215767634855	0.5634595722733514	0.002538106181411493
ng_align_para	40	0.531986531986532	0.61003861003861	0.5683453237410072	0.559342988235736	0.0018896722575531622
ng_align_para	50	0.5040431266846361	0.722007722007722	0.5936507936507937	0.5529835910925339	0.0014945502461960376
ng_align_para	60	0.4584269662921348	0.7876447876447876	0.5795454545454545	0.5466165019904264	0.0012311182477261857
ng_align_para	70	0.4373795761078998	0.8764478764478765	0.583547557840617	0.5353693341513381	0.0010335315331106913
ng_align_para	80	0.4114671163575042	0.9420849420849421	0.5727699530516431	0.5270065503366562	0.0008902137674605679
ng_align_para	90	0.3808095952023988	0.9806949806949807	0.5485961123110151	0.5216036556227233	0.0007831886721061911
ng_align_para	100	0.34858681022880217	1.0	0.5169660678642715	0.5216036556227233	0.0007831886721061911
